group,ticker,name,as_of,ytd,3m,6m,3y_ann,5y_ann,10y_ann
Sector,XLE,Energy,2026-09-30,41.26,17.3,1.27,14.63,23.17,10.16
Sector,XLK,Technology,2026-09-30,36.8,3.13,54.28,34.62,22.22,24.71
Sector,XLV,Health Care,2026-09-30,11.09,7.47,19.08,11.52,7.68,10.78
Sector,XLB,Materials,2026-09-30,9.77,-2.86,0.96,9.85,6.53,9.65
Sector,XLI,Industrials,2026-09-30,9.35,-8.91,8.01,20.06,13.14,13.07
Sector,XLP,Consumer Staples,2026-09-30,6.81,-1.37,0.76,8.67,6.18,7.19
Sector,XLRE,Real Estate,2026-09-30,4.3,-5.88,3.96,10.16,1.85,5.88
Sector,XLF,Financials,2026-09-30,-0.75,0.52,11.83,19.25,9.29,12.83
Sector,XLC,Communication Services,2026-09-30,-3.58,5.34,4.8,21.1,8.16,
Sector,XLU,Utilities,2026-09-30,-5.29,-12.01,-12.56,13.7,7.58,8.28
Sector,XLY,Consumer Discretionary,2026-09-30,-7.95,-6.65,3.82,11.64,4.89,11.7
Asset Class,DBC,Commodities,2026-09-30,45.33,21.89,11.06,14.14,13.1,9.86
Asset Class,EEM,Emerging Markets,2026-09-30,22.7,-2.38,22.61,23.64,8.31,8.3
Asset Class,IWM,US Small Cap,2026-09-30,14.3,-6.74,17.22,17.8,6.33,9.81
Asset Class,SPY,US Large Cap,2026-09-30,13.48,3.08,22.12,23.04,13.85,15.31
Asset Class,IJH,US Mid Cap,2026-09-30,10.47,-5.9,10.9,14.7,8.11,10.48
Asset Class,EFA,Intl Developed,2026-09-30,10.32,0.39,12.62,18.47,9.37,9.0
Asset Class,VNQ,REITs,2026-09-30,4.66,-5.81,4.93,10.22,1.45,4.45
Asset Class,BIL,Cash (T-Bills),2026-09-30,2.66,0.91,1.8,4.46,3.65,2.3
Asset Class,HYG,High Yield,2026-09-30,-0.15,-1.81,1.16,7.83,3.21,4.18
Asset Class,BNDX,Intl Bonds (USD hedged),2026-09-30,-1.25,-2.59,-0.59,3.89,-0.06,1.28
Asset Class,TIP,TIPS,2026-09-30,-2.18,-3.37,-2.57,3.53,-0.2,1.94
Asset Class,AGG,US Aggregate Bond,2026-09-30,-2.9,-3.61,-2.7,4.03,-0.65,1.11
Asset Class,GLD,Gold,2026-09-30,-3.83,3.47,-8.06,30.51,18.34,11.74
Asset Class,TLT,Long Treasury (20+ yr),2026-09-30,-8.17,-9.1,-8.42,-0.19,-8.49,-2.82
